,Country,Year,Status,Life expectancy ,Adult Mortality,infant deaths,Alcohol,percentage expenditure,Hepatitis B,Measles , BMI ,under-five deaths ,Polio,Total expenditure,Diphtheria , HIV/AIDS,GDP,Population, thinness  1-19 years, thinness 5-9 years,Income composition of resources,Schooling,age_group
2,Afghanistan,2013,Developing,59.9,268.0,66,0.01,73.21924272,64.0,430,18.1,89,62.0,8.13,64.0,0.1,631.744976,31731688.0,17.7,17.7,0.47,9.9,50-65
14,Afghanistan,2001,Developing,55.3,316.0,88,0.01,10.5747282,63.0,8762,12.6,122,35.0,7.8,33.0,0.1,117.49698,2966463.0,2.1,2.4,0.34,5.9,50-65
12,Afghanistan,2003,Developing,56.7,295.0,87,0.01,11.08905273,65.0,798,13.4,122,41.0,8.82,41.0,0.1,198.7285436,2364851.0,19.7,19.9,0.373,6.5,50-65
25,Albania,2006,Developing,74.2,99.0,1,5.31,3.3021542,98.0,68,5.8,1,97.0,5.86,97.0,0.1,35.1293,2992547.0,1.7,1.8,0.696,11.4,65-80
26,Albania,2005,Developing,73.5,15.0,1,5.16,26.99312143,98.0,6,49.9,1,97.0,6.12,98.0,0.1,279.142931,311487.0,1.8,1.8,0.685,10.8,65-80
28,Albania,2003,Developing,72.8,18.0,1,4.29,14.71928882,97.0,8,47.9,1,97.0,6.27,97.0,0.1,189.681557,339616.0,1.9,2.0,0.674,10.7,65-80
36,Algeria,2011,Developing,74.9,116.0,21,0.56,509.0020405,95.0,112,55.0,24,95.0,5.29,95.0,0.1,5432.2523,36819558.0,5.9,5.8,0.724,14.0,65-80
34,Algeria,2013,Developing,75.3,112.0,21,0.53,544.4507432,95.0,25,57.2,24,95.0,7.12,95.0,0.1,5471.866766,38338562.0,5.9,5.8,0.737,14.4,65-80
40,Algeria,2007,Developing,73.8,129.0,20,0.44,320.3239241,9.0,0,5.8,23,95.0,3.82,95.0,0.1,3935.183343,34376.0,6.0,5.9,0.69,12.3,65-80
49,Angola,2014,Developing,51.7,348.0,67,8.33,23.965612,64.0,11699,22.7,101,68.0,3.31,64.0,2.0,479.31224,2692466.0,8.5,8.3,0.527,11.4,50-65
55,Angola,2008,Developing,48.7,371.0,84,7.07,249.9101958,69.0,265,19.3,133,65.0,3.84,69.0,2.6,3868.578883,2175942.0,9.5,9.4,0.468,8.1,35-50
56,Angola,2007,Developing,48.2,375.0,87,6.35,184.8213446,73.0,1014,18.8,138,75.0,3.38,73.0,2.6,2878.837144,2997687.0,9.6,9.6,0.454,7.7,35-50
93,Argentina,2002,Developing,74.1,138.0,12,7.81,470.1869145,66.0,0,55.1,13,94.0,8.31,93.0,0.1,2579.193168,3788937.0,1.2,1.0,0.776,16.3,65-80
82,Argentina,2013,Developing,76.0,119.0,8,8.28,1001.796332,94.0,0,61.6,10,99.0,4.99,94.0,0.1,12976.63642,42539925.0,1.0,0.9,0.823,17.3,65-80
88,Argentina,2007,Developing,74.8,129.0,10,8.16,1105.659031,85.0,0,58.0,12,92.0,6.49,91.0,0.1,7193.61764,3997224.0,1.1,0.9,0.788,16.3,65-80
102,Armenia,2009,Developing,73.3,137.0,1,3.96,201.1855461,93.0,0,5.7,1,94.0,4.55,93.0,0.1,2993.832531,2888584.0,2.0,2.1,0.725,11.9,65-80
104,Armenia,2007,Developing,73.5,132.0,1,3.99,44.57219966,85.0,1,49.7,1,9.0,4.31,88.0,0.1,3138.8873,293356.0,2.0,2.1,0.707,11.7,65-80
105,Armenia,2006,Developing,72.9,141.0,1,4.01,244.5352767,78.0,137,49.2,1,87.0,4.58,87.0,0.1,2158.299,29585.0,2.0,2.1,0.692,11.2,65-80
115,Australia,2012,Developed,82.3,61.0,1,10.03,11714.99858,91.0,199,65.0,1,92.0,9.36,92.0,0.1,67677.63477,22728254.0,0.6,0.6,0.93,20.1,80+
119,Australia,2008,Developed,81.3,66.0,1,10.76,8547.292357,94.0,65,62.9,1,92.0,8.78,92.0,0.1,49664.6854,212492.0,0.7,0.6,0.921,19.1,80+
116,Australia,2011,Developed,82.0,63.0,1,10.3,10986.26527,92.0,190,64.4,1,92.0,9.2,92.0,0.1,62245.129,223424.0,0.6,0.6,0.927,19.8,80+
136,Austria,2007,Developed,81.0,8.0,0,12.5,7453.8644,85.0,20,53.7,0,85.0,1.4,85.0,0.1,46586.6525,8295487.0,1.7,1.9,0.86,15.2,80+
142,Austria,2001,Developed,78.6,92.0,0,12.4,3582.848308,44.0,0,5.6,0,83.0,1.12,84.0,0.1,24489.73553,842293.0,1.7,1.9,0.837,15.5,65-80
137,Austria,2006,Developed,79.8,81.0,0,12.4,69.92899358,83.0,23,53.2,0,83.0,1.35,83.0,0.1,443.99361,8268641.0,1.7,1.9,0.854,15.0,65-80
147,Azerbaijan,2012,Developing,71.9,123.0,5,0.01,285.6103912,88.0,0,49.7,6,92.0,5.37,89.0,0.1,7496.335728,9295784.0,2.8,2.8,0.742,11.8,65-80
146,Azerbaijan,2013,Developing,72.2,121.0,5,2.14,275.6514934,93.0,164,5.6,6,96.0,5.54,93.0,0.1,7875.756953,941681.0,2.8,2.8,0.745,11.9,65-80
157,Azerbaijan,2002,Developing,67.8,146.0,7,0.55,39.33253687,5.0,4353,43.1,9,8.0,4.47,76.0,0.1,763.73858,817195.0,3.1,3.1,0.651,10.6,65-80
200,Bangladesh,2007,Developing,68.6,151.0,154,0.01,46.36536703,95.0,2924,13.5,201,96.0,2.8,94.0,0.1,541.651484,147139191.0,19.5,2.1,0.513,8.6,65-80
201,Bangladesh,2006,Developing,68.2,152.0,164,0.01,42.3304549,86.0,6192,13.0,215,95.0,2.8,94.0,0.1,494.51466,1453684.0,19.7,2.3,0.506,8.4,65-80
197,Bangladesh,2010,Developing,69.9,142.0,126,0.01,62.65945432,94.0,788,15.2,161,94.0,3.6,94.0,0.1,757.6717572,15214912.0,18.9,19.4,0.535,8.9,65-80
226,Belarus,2013,Developing,71.7,23.0,0,14.66,1109.854619,98.0,16,61.1,1,98.0,6.7,98.0,0.1,7978.825443,9465997.0,2.0,2.0,0.796,15.7,65-80
230,Belarus,2009,Developing,70.0,226.0,0,14.09,434.7985025,98.0,0,58.7,1,98.0,6.9,96.0,0.1,5176.172649,956765.0,2.1,2.2,0.771,15.4,65-80
227,Belarus,2012,Developing,71.9,194.0,0,16.35,91.70962117,97.0,10,6.5,1,98.0,5.1,98.0,0.1,694.243915,9464495.0,2.0,2.1,0.793,15.6,65-80
249,Belgium,2006,Developed,79.4,85.0,0,10.98,5579.199083,94.0,15,6.6,1,99.0,9.17,98.0,0.1,38852.3613,1547958.0,0.8,0.8,0.865,15.7,65-80
252,Belgium,2003,Developed,78.3,95.0,0,11.28,507.306164,64.0,44,59.4,1,96.0,9.3,95.0,0.1,3743.95693,1376133.0,0.8,0.8,0.878,18.6,65-80
248,Belgium,2007,Developed,79.5,86.0,0,10.25,640.3560918,94.0,64,6.9,1,99.0,9.25,98.0,0.1,4443.83131,16257.0,0.8,0.8,0.871,15.8,65-80
265,Belize,2006,Developing,69.4,184.0,0,6.48,387.3324928,98.0,0,44.4,0,98.0,4.4,98.0,0.6,4187.3783,29747.0,3.6,3.5,0.692,12.3,65-80
262,Belize,2009,Developing,69.5,184.0,0,6.85,549.8096097,97.0,0,46.3,0,98.0,5.81,97.0,0.3,4258.788611,313929.0,3.5,3.4,0.7,12.7,65-80
258,Belize,2013,Developing,69.8,18.0,0,6.56,629.2018591,95.0,0,49.3,0,95.0,5.79,95.0,0.2,4688.538443,344181.0,3.4,3.4,0.706,12.9,65-80
274,Benin,2013,Developing,59.5,251.0,25,0.01,87.4080423,77.0,637,24.6,39,73.0,4.59,77.0,1.2,915.2674586,14451.0,7.2,7.1,0.466,10.3,50-65
273,Benin,2014,Developing,59.7,252.0,25,0.01,90.12206791,78.0,786,25.2,39,74.0,4.59,78.0,1.1,943.686575,1286712.0,7.1,6.9,0.475,10.7,50-65
284,Benin,2003,Developing,55.8,285.0,25,1.35,8.931827297,73.0,217,19.7,40,75.0,4.63,73.0,2.1,519.2922847,752555.0,9.1,9.0,0.416,7.7,50-65
297,Bhutan,2006,Developing,65.8,245.0,1,0.29,169.2023968,95.0,2,17.4,1,96.0,5.27,95.0,0.3,1335.45696,672228.0,17.5,18.3,0.0,9.6,65-80
292,Bhutan,2011,Developing,68.3,225.0,0,0.23,289.8524057,95.0,10,21.1,1,95.0,4.73,95.0,0.5,2458.45976,7451.0,16.3,17.0,0.572,11.9,65-80
300,Bhutan,2003,Developing,63.3,273.0,1,0.52,19.15664091,95.0,0,15.5,1,96.0,4.9,95.0,0.2,997.7417141,623434.0,18.3,19.1,0.0,8.4,50-65
322,Bosnia and Herzegovina,2013,Developing,77.0,9.0,0,4.12,75.61062911,91.0,0,54.7,0,87.0,9.46,89.0,0.1,535.86555,364999.0,2.4,2.4,0.735,14.2,65-80
330,Bosnia and Herzegovina,2005,Developing,75.0,12.0,0,4.56,45.71354264,93.0,23,5.5,0,95.0,8.5,93.0,0.1,2968.41186,378153.0,2.9,2.9,0.0,12.5,65-80
328,Bosnia and Herzegovina,2007,Developing,75.4,16.0,0,5.16,8.240355867,94.0,166,51.5,0,95.0,8.37,95.0,0.1,418.292176,3774.0,2.8,2.8,0.703,12.9,65-80
350,Botswana,2001,Developing,46.7,679.0,2,5.48,306.9527349,87.0,1,3.5,4,97.0,5.73,97.0,37.2,3128.97793,1754935.0,11.8,11.8,0.56,11.8,35-50
338,Botswana,2013,Developing,64.2,286.0,2,0.01,1.117811275,95.0,1,36.8,2,96.0,5.84,95.0,2.8,77.625783,212857.0,7.0,6.7,0.693,12.6,50-65
346,Botswana,2005,Developing,51.7,566.0,2,6.37,629.8425643,92.0,5,32.7,3,96.0,5.62,96.0,20.6,5351.253732,1855852.0,1.0,9.9,0.593,11.9,50-65
356,Brazil,2011,Developing,74.1,152.0,51,7.58,1084.999766,98.0,43,52.8,57,98.0,8.9,99.0,0.1,13167.47289,198686688.0,2.9,2.8,0.724,14.0,65-80
362,Brazil,2005,Developing,72.7,163.0,75,6.97,23.76370075,98.0,6,47.8,85,99.0,8.27,99.0,0.1,477.182746,186917361.0,3.2,3.1,0.694,13.8,65-80
358,Brazil,2009,Developing,73.6,157.0,57,7.33,564.5233902,99.0,0,51.1,64,99.0,8.65,99.0,0.1,8553.3847,194895996.0,3.0,2.9,0.714,13.8,65-80
388,Bulgaria,2011,Developed,73.7,144.0,1,10.67,875.1495189,96.0,157,63.3,1,95.0,6.88,95.0,0.1,7813.83499,7348328.0,2.0,2.0,0.775,14.2,65-80
390,Bulgaria,2009,Developed,73.2,152.0,1,10.93,661.5144334,96.0,2249,62.1,1,94.0,6.78,94.0,0.1,6955.987733,7444443.0,2.0,2.1,0.768,13.8,65-80
393,Bulgaria,2006,Developed,72.2,161.0,1,10.39,508.6304588,96.0,1,6.3,1,96.0,6.67,95.0,0.1,4513.13628,76122.0,2.2,2.2,0.75,13.5,65-80
406,Burkina Faso,2009,Developing,56.9,283.0,44,4.55,81.14304705,92.0,54118,16.1,77,91.0,7.41,92.0,1.1,552.7455521,1514199.0,9.3,8.8,0.356,5.9,50-65
408,Burkina Faso,2007,Developing,55.3,293.0,46,4.58,73.92730583,89.0,12,15.1,83,93.0,6.63,89.0,1.7,475.11122,1425221.0,9.8,9.3,0.334,4.9,50-65
402,Burkina Faso,2013,Developing,59.0,27.0,40,4.64,88.97040214,88.0,375,18.2,66,89.0,5.91,88.0,0.7,699.452847,1772723.0,8.4,7.9,0.392,7.5,50-65
422,Burundi,2009,Developing,56.2,338.0,23,4.05,2.030494673,94.0,305,15.7,34,96.0,6.96,94.0,2.4,24.944652,848931.0,7.8,7.8,0.336,8.6,50-65
420,Burundi,2011,Developing,57.4,321.0,22,4.16,3.595980333,96.0,129,16.6,33,95.0,8.58,96.0,1.5,26.479973,94358.0,7.6,7.6,0.385,9.9,50-65
424,Burundi,2007,Developing,54.8,355.0,24,4.54,1.72659515,99.0,43,14.8,36,93.0,1.3,99.0,3.4,17.79995,7939573.0,8.0,8.0,0.309,7.2,50-65
457,Cabo Verde,2006,Developing,72.1,129.0,0,4.25,26.45133197,95.0,0,24.9,0,97.0,5.11,96.0,0.6,234.28992,48795.0,8.3,8.3,0.596,11.9,65-80
456,Cabo Verde,2007,Developing,72.3,126.0,0,5.28,345.463714,96.0,0,25.5,0,98.0,4.3,98.0,0.6,3112.285712,486438.0,8.1,8.0,0.602,11.9,65-80
458,Cabo Verde,2005,Developing,71.8,134.0,0,4.26,3.349816965,93.0,0,24.3,0,95.0,4.86,95.0,0.8,248.13459,474567.0,8.5,8.5,0.582,11.2,65-80
470,Cambodia,2009,Developing,66.1,195.0,15,2.13,48.35423978,92.0,4779,15.9,17,95.0,6.36,94.0,0.6,738.2326684,14928.0,11.1,11.4,0.52,10.5,65-80
471,Cambodia,2008,Developing,65.6,199.0,16,2.24,53.10009046,91.0,4211,15.3,18,91.0,5.55,91.0,0.7,745.7877873,138859.0,11.2,11.4,0.511,10.5,65-80
465,Cambodia,2014,Developing,68.3,179.0,11,0.01,12.17952064,88.0,0,18.9,12,87.0,5.68,88.0,0.2,198.687123,152779.0,1.9,11.0,0.553,10.9,65-80
482,Cameroon,2013,Developing,56.4,364.0,48,0.01,63.07890158,89.0,760,27.8,73,88.0,4.29,89.0,4.0,1365.34419,21655715.0,5.8,5.8,0.501,10.4,50-65
485,Cameroon,2010,Developing,55.3,37.0,53,6.15,100.8987451,84.0,240,26.0,82,83.0,5.28,84.0,5.5,1182.869227,1997495.0,6.1,6.2,0.48,9.7,50-65
483,Cameroon,2012,Developing,55.9,369.0,50,0.01,68.55839112,85.0,609,27.2,76,85.0,4.34,85.0,4.6,1255.648189,2182383.0,5.9,5.9,0.496,10.4,50-65
497,Canada,2014,Developing,82.0,65.0,2,8.1,102.1902168,55.0,418,66.4,2,91.0,1.45,91.0,0.1,544.43376,35544564.0,0.5,0.5,0.912,15.9,80+
506,Canada,2005,Developing,81.0,76.0,2,8.0,6333.177967,14.0,6,61.3,2,93.0,9.57,93.0,0.1,36189.58838,32312.0,0.5,0.4,0.886,15.8,80+
505,Canada,2006,Developing,85.0,75.0,2,8.2,771.1817686,14.0,13,61.9,2,95.0,9.75,95.0,0.1,4386.69948,325755.0,0.5,0.4,0.891,15.8,80+
517,Central African Republic,2010,Developing,49.2,446.0,17,1.67,43.48359197,45.0,2,2.2,24,46.0,3.9,45.0,6.6,446.4434494,4448525.0,9.0,8.9,0.352,6.6,35-50
514,Central African Republic,2013,Developing,49.9,451.0,16,0.01,52.37766601,23.0,596,21.6,23,23.0,3.82,23.0,5.1,337.4849614,4499653.0,8.5,8.5,0.37,7.1,35-50
515,Central African Republic,2012,Developing,53.0,439.0,16,0.01,7.344808214,47.0,141,21.2,23,47.0,3.62,47.0,5.1,486.41114,449416.0,8.7,8.6,0.366,7.1,50-65
530,Chad,2013,Developing,52.2,366.0,46,0.64,76.52382535,39.0,226,18.2,78,46.0,3.42,39.0,3.1,986.13177,13133589.0,8.8,8.7,0.387,7.3,50-65
532,Chad,2011,Developing,51.6,365.0,46,0.56,67.76269089,33.0,8650,17.5,79,4.0,3.17,33.0,3.9,989.2363633,12288651.0,9.2,9.1,0.37,6.7,50-65
529,Chad,2014,Developing,52.6,362.0,46,0.01,11.3020668,37.0,1275,18.7,78,44.0,3.62,37.0,2.9,125.998515,13569438.0,8.7,8.5,0.39,7.3,50-65
545,Chile,2014,Developing,83.0,83.0,2,7.16,2352.999591,95.0,0,63.1,2,95.0,7.79,95.0,0.1,14817.37778,17613798.0,0.8,0.8,0.841,16.2,80+
552,Chile,2007,Developing,78.9,9.0,2,7.39,209.4875875,92.0,0,58.7,2,95.0,6.35,96.0,0.1,1526.87746,16491687.0,0.9,0.9,0.797,14.8,65-80
548,Chile,2011,Developing,79.8,86.0,2,7.26,211.614293,94.0,6,61.2,2,93.0,7.0,94.0,0.1,1475.69242,17153357.0,0.8,0.8,0.82,15.4,65-80
575,China,2000,Developing,71.7,115.0,490,3.06,17.46057369,6.0,71093,2.5,608,86.0,4.6,85.0,0.1,959.372181,1262645.0,5.9,5.1,0.583,9.5,65-80
566,China,2009,Developing,74.9,93.0,248,4.88,50.28348923,99.0,52461,27.3,288,99.0,5.8,99.0,0.1,3838.434292,133126.0,4.4,3.8,0.682,12.2,65-80
568,China,2007,Developing,74.4,96.0,285,3.88,312.6624819,92.0,109023,25.7,332,94.0,4.32,93.0,0.1,2695.366223,1317885.0,4.7,4.1,0.659,11.4,65-80
580,Colombia,2011,Developing,74.2,144.0,12,4.37,184.3073618,85.0,6,55.0,14,85.0,6.64,85.0,0.1,7227.73968,4646646.0,2.2,2.0,0.7,13.0,65-80
581,Colombia,2010,Developing,73.6,15.0,12,4.28,113.2436346,88.0,0,54.2,15,88.0,6.76,88.0,0.1,625.65544,4591897.0,2.2,2.0,0.695,12.8,65-80
584,Colombia,2007,Developing,73.5,144.0,14,4.66,780.5946749,93.0,0,52.0,17,93.0,6.25,93.0,0.1,4674.21961,44374572.0,2.3,2.1,0.675,11.9,65-80
596,Comoros,2011,Developing,62.2,241.0,2,0.12,59.6596497,83.0,3,22.1,2,85.0,6.1,83.0,0.2,829.7586885,76569.0,7.0,6.8,0.479,10.6,50-65
600,Comoros,2007,Developing,66.0,259.0,2,0.16,9.087638194,75.0,0,2.1,2,75.0,4.93,75.0,0.1,72.759313,64162.0,7.3,7.2,0.459,10.0,65-80
595,Comoros,2012,Developing,62.5,237.0,2,0.01,78.39008571,89.0,1,22.6,2,85.0,7.11,86.0,0.8,788.632653,723868.0,6.9,6.7,0.484,10.8,50-65
637,Costa Rica,2003,Developing,78.0,1.0,1,4.04,1070.268999,86.0,1,48.3,1,88.0,8.45,88.0,0.1,4167.71417,4125971.0,2.2,2.1,0.715,12.1,65-80
627,Costa Rica,2013,Developing,79.4,96.0,1,3.42,386.1379123,94.0,0,58.5,1,95.0,9.47,95.0,0.1,1569.66631,47641.0,1.7,1.7,0.762,13.7,65-80
636,Costa Rica,2004,Developing,77.7,12.0,1,4.09,1043.10795,89.0,0,49.3,1,9.0,7.8,9.0,0.1,4425.57467,418738.0,2.1,2.0,0.719,12.2,65-80
645,Croatia,2011,Developed,77.0,14.0,0,12.19,1913.356642,97.0,12,61.3,0,96.0,7.8,96.0,0.1,14539.18421,428622.0,1.6,1.5,0.808,14.5,65-80
647,Croatia,2009,Developed,76.3,19.0,0,12.21,2160.380199,97.0,2,6.0,0,96.0,8.18,96.0,0.1,14157.14416,442978.0,1.7,1.6,0.803,14.2,65-80
642,Croatia,2014,Developed,77.8,97.0,0,12.14,1884.098811,95.0,0,63.1,0,95.0,7.8,95.0,0.1,13467.46827,4238389.0,1.5,1.5,0.82,15.1,65-80
677,Cyprus,2011,Developed,79.7,57.0,0,10.69,2443.325028,96.0,0,58.3,0,99.0,7.54,99.0,0.1,32233.83942,1124835.0,0.9,1.0,0.847,13.8,65-80
684,Cyprus,2004,Developed,78.6,65.0,0,13.03,1586.724172,88.0,0,54.8,0,98.0,6.42,98.0,0.1,23932.49128,1141.0,0.9,1.0,0.823,13.4,65-80
686,Cyprus,2002,Developed,78.4,68.0,0,11.68,1128.050886,88.0,0,53.8,0,98.0,6.12,98.0,0.1,16372.29152,976966.0,0.9,1.0,0.805,12.5,65-80
758,Djibouti,2010,Developing,61.3,273.0,1,0.44,187.4960097,88.0,7,32.2,2,88.0,8.84,88.0,3.1,1325.99724,851146.0,5.6,5.6,0.441,5.5,50-65
761,Djibouti,2007,Developing,59.8,296.0,1,0.45,20.86878709,25.0,24,3.9,2,88.0,7.72,88.0,3.5,147.586896,8942.0,5.8,5.7,0.416,4.5,50-65
760,Djibouti,2008,Developing,62.0,289.0,1,0.49,171.7686449,88.0,143,31.3,2,89.0,8.5,89.0,3.3,1214.77118,822934.0,5.7,5.6,0.427,5.0,50-65
785,Dominican Republic,2000,Developing,72.0,176.0,7,6.58,44.79247812,68.0,253,43.1,9,71.0,5.9,78.0,2.5,282.4242,8562622.0,3.8,3.7,0.651,12.2,65-80
784,Dominican Republic,2001,Developing,71.2,188.0,7,6.13,340.0239945,66.0,113,44.1,9,71.0,5.59,72.0,2.5,2862.154836,8697126.0,3.8,3.6,0.656,12.3,65-80
775,Dominican Republic,2010,Developing,72.7,166.0,6,6.02,664.5585242,83.0,0,53.6,8,85.0,4.6,88.0,0.9,5451.6696,9897985.0,3.3,3.3,0.697,12.9,65-80
789,Ecuador,2012,Developing,75.5,127.0,7,3.92,41.88087712,88.0,72,52.1,8,85.0,6.48,87.0,0.1,572.14313,15419666.0,1.3,1.2,0.717,13.3,65-80
792,Ecuador,2009,Developing,75.1,137.0,7,3.87,282.1440066,91.0,0,5.0,8,91.0,5.58,94.0,0.1,4255.56571,14691275.0,1.3,1.2,0.702,13.1,65-80
787,Ecuador,2014,Developing,76.0,121.0,6,3.82,79.11626341,83.0,0,53.5,7,84.0,9.16,83.0,0.1,6432.216537,1593112.0,1.2,1.1,0.737,14.0,65-80
831,El Salvador,2002,Developing,73.0,24.0,3,2.97,29.68529375,81.0,0,47.0,4,81.0,7.9,81.0,0.4,248.4125,59433.0,2.0,1.9,0.621,11.8,65-80
830,El Salvador,2003,Developing,69.9,29.0,3,3.1,400.1342971,94.0,0,47.8,4,93.0,7.61,94.0,0.3,2519.737387,5971535.0,2.0,1.9,0.628,12.0,65-80
822,El Salvador,2011,Developing,72.0,197.0,2,2.37,549.2783081,89.0,0,53.4,2,9.0,6.81,89.0,0.3,3736.58713,619256.0,1.7,1.6,0.666,13.0,65-80
859,Eritrea,2006,Developing,59.7,336.0,7,0.97,10.60269773,94.0,128,14.3,9,94.0,3.3,94.0,1.4,297.828588,466648.0,9.3,9.3,0.405,5.3,50-65
863,Eritrea,2002,Developing,58.5,343.0,7,0.83,0.703132179,86.0,460,13.1,10,92.0,4.2,9.0,1.9,21.7687981,3614639.0,9.9,9.9,0.0,4.4,50-65
856,Eritrea,2009,Developing,61.4,311.0,6,0.63,1.575160196,92.0,82,15.5,9,92.0,3.3,92.0,1.0,43.7544499,431334.0,9.0,8.9,0.402,5.2,50-65
873,Estonia,2008,Developing,74.2,167.0,0,16.99,225.0723618,94.0,0,56.7,0,95.0,6.6,95.0,0.1,1894.5485,13379.0,2.0,2.1,0.835,16.1,65-80
872,Estonia,2009,Developing,74.9,156.0,0,15.04,1717.088711,95.0,0,57.1,0,95.0,6.93,95.0,0.1,14726.31828,1334515.0,2.0,2.0,0.836,16.1,65-80
875,Estonia,2006,Developing,73.0,188.0,0,16.58,244.3510801,95.0,27,55.9,0,95.0,5.1,95.0,0.1,12595.4165,134681.0,2.1,2.2,0.822,16.1,65-80
888,Ethiopia,2009,Developing,68.0,274.0,169,1.17,53.77354001,56.0,1176,15.3,256,65.0,4.41,58.0,2.0,379.7566385,85416253.0,11.1,1.8,0.393,8.1,65-80
885,Ethiopia,2012,Developing,63.3,241.0,150,1.84,86.82551124,69.0,4347,16.4,221,7.0,5.77,69.0,1.2,468.567249,92444183.0,1.7,1.5,0.422,8.4,50-65
889,Ethiopia,2008,Developing,59.8,289.0,177,1.13,38.55783268,52.0,3511,14.9,270,63.0,4.28,54.0,2.4,325.3825543,83184892.0,11.2,1.9,0.378,7.6,50-65
904,Fiji,2009,Developing,68.9,23.0,0,2.31,60.65068446,99.0,1,58.0,0,99.0,4.26,99.0,0.1,3369.48247,851967.0,4.0,3.7,0.704,14.5,65-80
903,Fiji,2010,Developing,69.1,2.0,0,2.25,62.08343533,99.0,0,58.7,0,99.0,4.23,99.0,0.1,3651.966784,85995.0,4.0,3.7,0.706,14.6,65-80
908,Fiji,2005,Developing,68.3,214.0,0,2.02,64.39203443,99.0,0,55.1,0,97.0,3.61,96.0,0.1,3658.63832,821817.0,4.1,3.8,0.699,13.9,65-80
932,France,2013,Developing,82.0,81.0,3,11.1,6646.953935,74.0,272,61.6,3,99.0,11.56,99.0,0.1,42554.1225,6599857.0,0.6,0.6,0.887,16.2,80+
939,France,2006,Developing,86.0,92.0,3,12.4,5689.991931,39.0,40,58.0,4,99.0,1.53,99.0,0.1,36544.5853,63621376.0,0.6,0.6,0.87,16.1,80+
944,France,2001,Developing,79.0,13.0,3,13.89,3451.185079,28.0,0,55.2,4,98.0,9.89,97.0,0.1,22527.31775,61357431.0,0.7,0.6,0.849,15.6,65-80
954,Gabon,2007,Developing,61.6,291.0,2,9.02,545.4389573,75.0,0,31.9,3,78.0,2.86,81.0,10.0,8352.81711,1489193.0,6.9,6.8,0.645,12.4,50-65
953,Gabon,2008,Developing,61.6,298.0,2,8.75,11.05422474,82.0,3,32.4,3,81.0,2.54,82.0,8.9,194.2746,1536411.0,6.8,6.6,0.651,12.4,50-65
947,Gabon,2014,Developing,65.5,237.0,2,0.01,715.2816939,7.0,33,35.8,3,68.0,3.44,7.0,2.8,9692.163874,1875713.0,6.1,6.0,0.687,12.6,65-80
993,Georgia,2000,Developing,71.8,129.0,2,3.28,47.81704183,55.0,50,46.0,2,81.0,6.94,8.0,0.1,691.997711,44183.0,3.1,3.1,0.0,11.4,65-80
981,Georgia,2012,Developing,74.2,13.0,1,7.71,158.2576025,92.0,31,53.6,1,93.0,8.57,92.0,0.1,4142.869175,3825.0,2.6,2.8,0.749,13.4,65-80
990,Georgia,2003,Developing,72.7,132.0,1,3.36,70.54185252,48.0,216,47.5,2,74.0,8.49,75.0,0.1,928.18227,431.0,2.9,3.0,0.684,11.8,65-80
1002,Germany,2007,Developed,79.8,82.0,3,11.5,7777.556353,86.0,567,58.5,3,95.0,1.18,96.0,0.1,41814.8191,82266372.0,1.1,1.1,0.898,16.6,65-80
998,Germany,2011,Developed,85.0,74.0,2,11.2,869.790735,88.0,1607,6.4,3,94.0,1.93,95.0,0.1,4681.32796,8274983.0,1.1,1.1,0.912,16.8,80+
1000,Germany,2009,Developed,80.0,79.0,2,11.22,7641.270645,88.0,574,59.5,3,95.0,11.4,96.0,0.1,41732.7725,819237.0,1.1,1.1,0.906,16.7,65-80
1021,Ghana,2004,Developing,58.3,34.0,41,1.46,53.23775977,8.0,60,21.8,62,81.0,3.96,8.0,3.2,423.1936389,2986536.0,8.4,8.3,0.491,7.7,50-65
1016,Ghana,2009,Developing,66.0,271.0,41,1.76,30.72290501,94.0,101,24.9,60,94.0,5.17,94.0,2.1,186.76538,2393831.0,7.3,7.2,0.542,10.4,65-80
1014,Ghana,2011,Developing,61.2,263.0,40,1.64,225.2219474,91.0,120,26.1,58,91.0,4.81,91.0,1.3,1574.978653,25121796.0,6.9,6.8,0.554,10.9,50-65
1029,Greece,2012,Developing,84.0,76.0,0,8.2,2528.992935,98.0,3,64.9,0,99.0,9.24,99.0,0.1,22242.68193,114511.0,0.8,0.7,0.858,16.8,80+
1034,Greece,2007,Developing,79.4,8.0,0,9.67,3632.243121,95.0,2,61.8,0,99.0,9.41,99.0,0.1,28827.32636,1148473.0,0.8,0.7,0.855,16.4,65-80
1040,Greece,2001,Developing,78.7,83.0,1,8.62,1403.022211,9.0,12,58.0,1,9.0,8.47,91.0,0.1,12538.17883,1862132.0,0.9,0.8,0.801,14.2,65-80
1061,Guatemala,2012,Developing,71.3,189.0,11,2.02,484.7187892,96.0,0,48.6,13,94.0,6.33,96.0,0.4,3299.65139,1527156.0,1.2,1.2,0.616,10.6,65-80
1063,Guatemala,2010,Developing,77.0,196.0,12,2.14,443.3248254,94.0,0,47.2,14,94.0,6.64,94.0,0.4,2825.5247,1463417.0,1.3,1.3,0.602,10.5,65-80
1059,Guatemala,2014,Developing,71.7,187.0,10,1.88,657.5282797,73.0,0,49.9,13,65.0,6.2,73.0,0.4,3687.763767,15923559.0,1.2,1.2,0.614,10.7,65-80
1075,Guinea,2014,Developing,58.1,299.0,27,0.01,50.57976483,51.0,175,22.7,41,42.0,5.64,51.0,0.5,561.997387,118559.0,7.5,7.4,0.412,8.6,50-65
1080,Guinea,2009,Developing,57.3,297.0,29,0.18,24.84763562,57.0,264,2.3,46,6.0,3.85,57.0,2.3,436.6895539,1556524.0,8.4,8.4,0.376,8.1,50-65
1078,Guinea,2011,Developing,58.1,29.0,28,0.22,42.2547904,63.0,11,21.2,43,63.0,4.73,63.0,2.0,459.2912,113517.0,8.0,8.0,0.385,8.4,50-65
1091,Guinea-Bissau,2014,Developing,58.4,282.0,4,0.01,50.06053544,87.0,1,25.6,6,87.0,5.59,87.0,3.4,642.6256154,1725744.0,7.3,7.1,0.419,9.2,50-65
1092,Guinea-Bissau,2013,Developing,58.1,279.0,4,0.01,8.20063742,87.0,0,25.0,6,87.0,6.14,87.0,4.5,61.566347,1681495.0,7.5,7.3,0.415,9.1,50-65
1096,Guinea-Bissau,2009,Developing,56.3,288.0,4,2.55,47.12969266,8.0,0,22.5,7,78.0,6.81,8.0,6.0,544.222779,1517448.0,8.3,8.1,0.401,8.9,50-65
1115,Guyana,2006,Developing,65.2,24.0,1,7.04,170.6325842,93.0,0,39.6,1,92.0,4.67,93.0,1.1,1945.6395,74961.0,5.7,5.5,0.622,11.7,65-80
1109,Guyana,2012,Developing,65.8,22.0,0,7.57,497.4719464,97.0,0,44.1,1,97.0,6.57,97.0,0.3,3785.935665,75391.0,5.6,5.3,0.63,10.6,65-80
1108,Guyana,2013,Developing,65.9,218.0,0,7.56,345.9044258,98.0,0,45.0,1,98.0,5.1,98.0,0.3,3944.178173,75881.0,5.5,5.3,0.633,10.3,65-80
1147,Honduras,2006,Developing,72.8,161.0,5,3.23,192.9297829,94.0,0,43.5,6,94.0,7.63,95.0,0.8,1437.628785,754146.0,2.4,2.4,0.583,10.8,65-80
1149,Honduras,2004,Developing,72.2,165.0,5,3.02,188.2499208,93.0,0,42.0,7,94.0,7.89,94.0,1.2,1217.657961,724153.0,2.6,2.5,0.571,10.4,65-80
1142,Honduras,2011,Developing,73.9,153.0,4,3.1,32.16407994,97.0,0,47.6,5,97.0,8.57,97.0,0.4,212.584798,83516.0,2.2,2.2,0.611,11.7,65-80
1187,India,2014,Developing,68.0,184.0,957,3.07,86.52153895,79.0,79563,18.1,1200,84.0,4.69,85.0,0.2,1573.11889,1293859294.0,26.8,27.4,0.607,11.6,65-80
1190,India,2011,Developing,66.8,193.0,1100,3.0,64.6059005,44.0,33634,16.4,1500,79.0,4.33,82.0,0.2,1461.671957,124723629.0,26.9,27.7,0.58,10.8,65-80
1189,India,2012,Developing,67.3,19.0,1100,3.1,64.96964491,73.0,18668,17.0,1400,79.0,4.39,82.0,0.2,1446.98541,126365852.0,26.9,27.6,0.59,11.3,65-80
1213,Indonesia,2004,Developing,65.3,213.0,174,0.06,55.36107207,64.0,29171,18.2,237,79.0,2.37,71.0,0.1,1148.56996,223614649.0,1.9,1.9,0.624,11.0,65-80
1205,Indonesia,2012,Developing,68.5,183.0,129,0.08,254.4688257,83.0,15489,24.7,154,84.0,2.9,83.0,0.3,3687.953996,248883232.0,1.5,1.4,0.669,12.6,65-80
1215,Indonesia,2002,Developing,66.7,189.0,177,0.05,43.17867291,63.0,14492,16.7,222,8.0,2.27,7.0,0.1,899.5556857,2175859.0,11.0,11.1,0.608,10.6,65-80
1236,Iraq,2013,Developing,69.5,17.0,32,0.01,447.3695001,66.0,669,57.8,39,7.0,5.92,68.0,0.1,6925.22446,33883145.0,5.3,5.1,0.659,10.3,65-80
1238,Iraq,2011,Developing,77.0,144.0,32,0.17,285.119726,77.0,15,56.5,39,8.0,3.32,79.0,0.1,5854.614497,3172753.0,5.3,5.1,0.649,10.4,65-80
1240,Iraq,2009,Developing,74.0,148.0,32,0.2,185.6366983,75.0,30328,55.2,39,78.0,4.65,78.0,0.1,3735.144836,29894652.0,5.4,5.1,0.643,10.3,65-80
1253,Ireland,2012,Developed,85.0,69.0,0,11.49,6616.695125,95.0,107,6.5,0,95.0,8.32,95.0,0.1,49231.36254,4586897.0,0.3,0.2,0.895,18.5,80+
1254,Ireland,2011,Developed,84.0,7.0,0,11.72,6386.95437,95.0,285,59.7,0,95.0,8.15,95.0,0.1,52567.52568,4576794.0,0.3,0.2,0.909,18.5,80+
1255,Ireland,2010,Developed,86.0,68.0,0,11.88,4509.234803,46.0,443,58.9,0,94.0,8.76,94.0,0.1,48538.58776,456155.0,0.3,0.2,0.907,18.2,80+
1277,Israel,2004,Developing,81.0,69.0,1,2.23,1895.342792,99.0,116,6.1,1,95.0,7.35,95.0,0.1,19888.172,689.0,1.1,1.1,0.863,15.9,80+
1279,Israel,2002,Developing,79.3,74.0,1,2.47,1701.195787,98.0,2,59.2,1,91.0,7.49,9.0,0.1,18431.15696,657.0,1.1,1.1,0.855,15.3,65-80
1271,Israel,2010,Developing,81.7,61.0,1,2.63,409.4109292,97.0,23,63.0,1,95.0,7.36,95.0,0.1,3661.994,76236.0,1.2,1.1,0.878,15.7,80+
1295,Italy,2002,Developed,80.0,72.0,2,9.25,2883.334911,95.0,9385,56.4,3,96.0,8.23,93.0,0.1,22196.5736,57597.0,0.5,0.5,0.836,15.2,65-80
1296,Italy,2001,Developed,79.8,75.0,2,9.69,3.1222302,95.0,0,55.7,3,96.0,8.11,93.0,0.1,24.819,569741.0,0.5,0.5,0.828,14.9,65-80
1286,Italy,2011,Developed,82.0,6.0,2,6.98,5439.691769,96.0,5189,61.5,2,96.0,9.27,96.0,0.1,38334.68477,59379449.0,0.5,0.5,0.872,16.4,80+
1309,Jamaica,2004,Developing,73.3,165.0,1,3.67,192.3226305,98.0,0,45.4,1,97.0,4.8,98.0,2.3,3719.97351,2728777.0,1.9,1.8,0.689,11.1,65-80
1310,Jamaica,2003,Developing,73.1,166.0,1,3.48,155.5884677,36.0,0,44.5,1,99.0,4.56,96.0,2.3,3465.221998,2712511.0,1.9,1.8,0.694,11.9,65-80
1300,Jamaica,2013,Developing,75.6,136.0,1,3.79,5.457289334,93.0,0,52.7,1,86.0,5.91,93.0,0.6,56.144952,285187.0,1.8,1.7,0.727,12.8,65-80
1343,Jordan,2002,Developing,72.1,129.0,4,0.54,259.1572375,95.0,19,55.5,4,95.0,9.68,95.0,0.1,1812.288374,5287488.0,3.9,3.9,0.712,13.0,65-80
1342,Jordan,2003,Developing,72.3,127.0,4,0.54,228.7838108,97.0,76,56.3,4,97.0,9.15,97.0,0.1,1889.213962,5396774.0,3.9,3.9,0.717,13.2,65-80
1336,Jordan,2009,Developing,73.3,118.0,4,0.59,668.7447334,98.0,0,6.9,4,98.0,9.54,98.0,0.1,3492.1396,6821116.0,3.8,3.8,0.742,13.6,65-80
1348,Kazakhstan,2013,Developing,69.5,28.0,5,6.48,26.4072659,99.0,73,51.4,6,98.0,4.3,98.0,0.1,1389.8561,1735275.0,2.4,2.5,0.782,15.0,65-80
1359,Kazakhstan,2002,Developing,64.7,276.0,8,5.99,145.1022528,95.0,18,44.8,9,95.0,3.61,95.0,0.1,1658.31146,14858948.0,2.6,2.6,0.7,12.7,50-65
1351,Kazakhstan,2010,Developing,67.8,236.0,7,6.83,11.1516268,99.0,4,49.2,8,98.0,4.42,99.0,0.1,97.649972,16321581.0,2.3,2.5,0.763,14.5,65-80
1373,Kenya,2004,Developing,53.0,432.0,72,1.43,36.29775249,73.0,20,15.9,112,73.0,4.29,73.0,13.2,458.8843551,3574931.0,8.7,8.6,0.461,8.9,50-65
1367,Kenya,2010,Developing,63.0,294.0,61,1.73,56.58984221,9.0,95,18.9,89,9.0,3.97,9.0,4.3,967.34773,4135152.0,8.2,8.0,0.523,11.1,50-65
1365,Kenya,2012,Developing,62.1,263.0,59,1.81,154.2269697,94.0,0,2.1,84,94.0,5.49,94.0,3.0,1155.2582,43646629.0,8.0,7.8,0.536,11.1,50-65
1390,Kiribati,2003,Developing,64.7,215.0,0,0.5,1.76541345,73.0,0,7.6,0,79.0,9.98,7.0,0.1,115.3865,88895.0,0.2,0.2,0.0,11.6,50-65
1391,Kiribati,2002,Developing,64.6,217.0,0,0.49,70.75572222,79.0,0,69.7,0,96.0,9.1,77.0,0.1,826.58554,87343.0,0.2,0.2,0.0,11.7,50-65
1388,Kiribati,2005,Developing,64.9,213.0,0,0.6,111.7392134,5.0,0,72.1,0,74.0,1.6,79.0,0.1,1214.556667,92325.0,0.2,0.2,0.0,12.2,50-65
1456,Latvia,2001,Developed,69.9,228.0,0,6.68,332.2751709,96.0,1,55.7,0,97.0,6.17,97.0,0.1,3572.8513,233717.0,2.8,2.8,0.728,14.2,65-80
1449,Latvia,2008,Developed,71.9,199.0,0,11.84,253.4022338,93.0,3,58.1,0,94.0,6.63,94.0,0.1,16348.53121,2177322.0,2.3,2.4,0.819,16.3,65-80
1454,Latvia,2003,Developed,78.0,29.0,0,8.24,478.0644911,98.0,0,56.3,0,98.0,6.15,98.0,0.1,5134.95694,2287955.0,2.6,2.6,0.761,15.2,65-80
1471,Lebanon,2002,Developing,73.2,17.0,1,1.98,70.13207838,77.0,36,59.1,1,77.0,1.5,77.0,0.1,5436.595223,3522837.0,4.8,4.7,0.0,15.2,65-80
1470,Lebanon,2003,Developing,73.5,15.0,1,2.19,527.9176618,74.0,526,59.7,1,74.0,9.3,74.0,0.1,5425.6697,371464.0,4.8,4.7,0.0,14.8,65-80
1473,Lebanon,2000,Developing,72.7,112.0,1,2.26,404.3879434,83.0,5,57.9,1,83.0,1.86,83.0,0.1,5334.93329,3235366.0,4.9,4.8,0.0,14.9,65-80
1481,Lesotho,2008,Developing,47.8,592.0,5,2.75,91.85432774,88.0,0,28.8,6,86.0,8.85,88.0,27.3,934.428563,199993.0,8.0,7.8,0.447,10.7,35-50
1483,Lesotho,2006,Developing,45.3,654.0,5,2.61,71.15577609,91.0,1,27.9,6,88.0,7.12,89.0,34.1,915.775754,1965662.0,8.8,8.7,0.437,10.7,35-50
1485,Lesotho,2004,Developing,44.8,666.0,5,1.8,67.91361818,6.0,31,26.9,7,89.0,6.96,9.0,34.6,781.5145936,1933728.0,9.7,9.7,0.439,10.7,35-50
1492,Liberia,2013,Developing,61.1,258.0,9,0.01,45.04892458,76.0,0,26.1,11,75.0,9.25,76.0,1.1,454.1222236,4286291.0,6.8,6.7,0.419,9.8,50-65
1497,Liberia,2008,Developing,58.6,281.0,10,3.88,40.03344077,64.0,1,23.4,14,79.0,11.83,75.0,2.4,232.61732,3662993.0,7.7,7.6,0.394,9.8,50-65
1495,Liberia,2010,Developing,59.7,272.0,9,3.64,41.91052416,47.0,2200,24.5,13,71.0,11.87,7.0,1.8,327.42597,3948125.0,7.4,7.2,0.403,9.6,50-65
1525,Lithuania,2012,Developed,73.0,176.0,0,15.14,1807.071336,93.0,0,6.9,0,93.0,6.67,93.0,0.1,14341.836,2987773.0,2.7,2.7,0.83,16.5,65-80
1527,Lithuania,2010,Developed,72.4,188.0,0,12.9,1423.802386,94.0,2,6.0,0,95.0,7.9,95.0,0.1,11984.86857,397282.0,2.8,2.8,0.824,16.8,65-80
1526,Lithuania,2011,Developed,72.8,18.0,0,12.66,1758.822757,95.0,7,6.5,0,92.0,6.86,92.0,0.1,14357.73679,328115.0,2.7,2.8,0.826,16.7,65-80
1548,Luxembourg,2005,Developed,78.8,9.0,0,11.84,1346.246697,95.0,0,57.0,0,99.0,7.95,99.0,0.1,8289.69641,465158.0,1.0,0.9,0.874,13.5,65-80
1547,Luxembourg,2006,Developed,79.4,85.0,0,11.98,15345.4907,95.0,8,57.5,0,99.0,7.75,99.0,0.1,89739.7117,472637.0,0.9,0.9,0.88,13.5,65-80
1542,Luxembourg,2011,Developed,88.0,72.0,0,11.5,17028.52798,95.0,6,59.6,0,96.0,7.34,99.0,0.1,115761.577,518347.0,0.9,0.9,0.894,13.9,80+
1559,Madagascar,2010,Developing,63.3,248.0,32,1.03,76.60442169,7.0,1,18.0,45,7.0,4.86,7.0,0.5,412.739341,2115164.0,7.6,7.5,0.503,10.2,50-65
1564,Madagascar,2005,Developing,69.0,265.0,37,0.72,33.74786198,81.0,0,15.8,56,8.0,5.3,85.0,0.6,274.819723,18336724.0,8.1,8.0,0.473,8.9,65-80
1565,Madagascar,2004,Developing,64.0,267.0,38,0.81,23.72796328,71.0,35558,15.4,58,74.0,4.89,78.0,0.6,245.1235876,1782997.0,8.2,8.1,0.466,8.7,50-65
1582,Malawi,2003,Developing,44.6,613.0,43,1.08,4.375316094,84.0,167,15.2,70,85.0,6.35,84.0,24.2,26.152517,12336687.0,7.6,7.5,0.362,10.3,35-50
1580,Malawi,2005,Developing,46.0,66.0,39,1.04,5.670640102,93.0,184,15.9,62,94.0,8.2,93.0,22.4,28.3673842,1339711.0,7.4,7.2,0.371,9.7,35-50
1574,Malawi,2011,Developing,54.1,441.0,32,1.23,13.77617463,97.0,26,18.0,50,97.0,11.67,97.0,11.2,512.125451,15627618.0,6.7,6.6,0.444,10.6,50-65
1600,Malaysia,2001,Developing,72.7,144.0,4,0.53,210.2417002,95.0,2198,27.0,5,95.0,3.4,96.0,0.1,3915.11546,2369897.0,9.7,9.4,0.725,11.9,65-80
1597,Malaysia,2004,Developing,73.2,137.0,3,0.49,315.6639322,94.0,5729,29.8,4,95.0,3.74,95.0,0.1,4955.477743,2517419.0,9.2,8.9,0.731,12.7,65-80
1599,Malaysia,2002,Developing,72.9,14.0,4,0.49,216.7029481,95.0,408,27.9,4,94.0,3.4,94.0,0.1,4167.364387,24198811.0,9.5,9.3,0.723,12.0,65-80
1614,Maldives,2003,Developing,72.7,112.0,0,1.75,491.4978908,98.0,75,16.7,0,98.0,5.9,98.0,0.1,3432.247841,34.0,14.6,14.7,0.601,11.8,65-80
1616,Maldives,2001,Developing,78.0,129.0,0,1.98,41.30688803,98.0,0,15.6,0,97.0,5.84,98.0,0.1,298.67598,292.0,14.7,14.8,0.587,11.8,65-80
1608,Maldives,2009,Developing,76.3,75.0,0,1.59,100.503021,98.0,6,21.2,0,98.0,9.22,98.0,0.1,597.1659,36.0,14.1,14.2,0.651,11.8,65-80
1627,Mali,2006,Developing,54.3,288.0,57,0.53,67.70920683,9.0,128,18.5,98,79.0,6.56,78.0,1.8,521.6425796,1322764.0,9.7,9.5,0.35,6.1,50-65
1629,Mali,2004,Developing,52.8,296.0,58,0.49,57.11644801,73.0,172,17.5,103,7.0,6.28,69.0,2.0,439.3572924,1239196.0,1.1,1.0,0.333,5.5,50-65
1622,Mali,2011,Developing,56.8,271.0,54,0.61,101.8113996,66.0,24,21.3,90,72.0,6.59,66.0,1.5,835.88998,1554989.0,8.5,8.3,0.404,7.5,50-65
1641,Malta,2008,Developed,80.0,64.0,0,7.14,2655.573684,86.0,1,66.6,0,72.0,8.15,72.0,0.1,21928.767,49379.0,0.7,0.7,0.813,14.6,65-80
1646,Malta,2003,Developed,78.5,71.0,0,6.7,1678.392773,89.0,4,63.9,0,94.0,8.6,94.0,0.1,13689.98999,398582.0,0.7,0.7,0.79,13.8,65-80
1644,Malta,2005,Developed,79.0,67.0,0,6.41,2247.035692,85.0,6,65.0,0,94.0,8.83,92.0,0.1,15835.34667,43834.0,0.7,0.7,0.805,14.8,65-80
1659,Mauritania,2007,Developing,61.2,219.0,8,0.02,7.35400072,74.0,11,25.5,12,75.0,3.54,75.0,1.3,113.3128,3312665.0,9.4,9.1,0.475,7.4,50-65
1656,Mauritania,2010,Developing,62.0,214.0,8,0.01,8.353074798,64.0,1292,27.4,12,52.0,3.28,64.0,1.2,123.383675,369543.0,8.7,8.5,0.484,7.6,50-65
1657,Mauritania,2009,Developing,61.7,215.0,8,0.01,11.14504291,64.0,322,26.8,12,63.0,3.79,64.0,1.2,146.83851,356288.0,8.9,8.7,0.476,7.1,50-65
1674,Mauritius,2008,Developing,72.7,166.0,0,2.49,6.6489825,99.0,12,29.7,0,99.0,4.6,99.0,0.1,83.635,1244121.0,7.4,7.3,0.728,13.6,65-80
1669,Mauritius,2013,Developing,74.1,147.0,0,0.01,917.467628,98.0,0,32.3,0,98.0,4.82,98.0,0.1,9637.265,1258653.0,7.0,7.0,0.765,14.7,65-80
1671,Mauritius,2011,Developing,73.6,158.0,0,3.03,918.807245,98.0,2,31.3,0,98.0,5.2,98.0,0.1,9197.26972,125244.0,7.1,7.1,0.748,14.1,65-80
1687,Mexico,2011,Developing,76.1,124.0,34,5.3,1117.196097,98.0,3,6.8,39,97.0,6.4,97.0,0.1,9834.472689,119917.0,1.6,1.6,0.745,12.6,65-80
1697,Mexico,2001,Developing,75.0,126.0,52,4.86,13.31109532,97.0,3,53.2,62,97.0,5.35,97.0,0.1,731.378864,136768.0,1.9,1.9,0.7,11.6,65-80
1692,Mexico,2006,Developing,75.8,125.0,40,5.11,980.2537444,98.0,23,57.2,47,98.0,5.83,98.0,0.1,8767.92258,1192378.0,1.8,1.7,0.723,12.2,65-80
1718,Mongolia,2013,Developing,68.1,227.0,1,0.01,241.1958645,98.0,0,5.4,1,98.0,4.21,98.0,0.1,4385.379355,286917.0,2.2,2.3,0.72,14.7,65-80
1725,Mongolia,2006,Developing,65.0,271.0,2,2.91,122.1206485,98.0,26,43.0,2,98.0,4.68,99.0,0.1,1334.651896,255812.0,2.2,2.4,0.649,12.7,50-65
1727,Mongolia,2004,Developing,64.0,284.0,2,1.75,73.24150483,98.0,0,41.3,2,99.0,5.99,99.0,0.1,797.8377432,2496832.0,2.3,2.4,0.621,11.2,50-65
1733,Montenegro,2014,Developing,75.9,17.0,0,0.01,726.0291764,87.0,0,61.3,0,91.0,6.42,91.0,0.1,7378.345289,62181.0,1.8,1.9,0.803,15.1,65-80
1741,Montenegro,2006,Developing,73.8,13.0,0,5.38,595.7306923,9.0,0,56.5,0,9.0,8.1,9.0,0.1,4383.59597,61525.0,2.2,2.2,0.751,13.2,65-80
1734,Montenegro,2013,Developing,75.8,19.0,0,0.01,707.144691,9.0,0,6.7,0,94.0,6.43,94.0,0.1,7186.429787,62127.0,1.8,1.9,0.799,15.1,65-80
1757,Morocco,2006,Developing,71.0,133.0,22,0.58,127.7632005,95.0,1217,49.9,25,97.0,5.23,97.0,0.1,2191.478567,3869346.0,6.4,6.3,0.575,10.0,65-80
1755,Morocco,2008,Developing,71.8,123.0,21,0.51,171.3658969,97.0,1455,51.7,24,99.0,5.41,99.0,0.1,2884.94776,31596855.0,6.4,6.3,0.589,10.3,65-80
1750,Morocco,2013,Developing,73.9,97.0,18,0.45,179.8598949,99.0,92,56.5,21,99.0,5.94,99.0,0.1,3111.762887,33824769.0,6.4,6.2,0.634,12.1,65-80
1772,Mozambique,2007,Developing,52.1,425.0,74,1.03,53.9502789,75.0,267,19.3,108,75.0,5.25,75.0,14.1,422.1461573,22188387.0,3.8,3.7,0.36,8.2,50-65
1777,Mozambique,2002,Developing,49.8,416.0,87,2.16,40.82597077,76.0,7155,17.3,127,76.0,6.45,76.0,14.5,262.884551,19139658.0,4.0,4.0,0.311,6.2,35-50
1774,Mozambique,2005,Developing,58.0,434.0,80,1.23,67.33378735,75.0,12598,18.5,117,71.0,6.87,8.0,16.2,369.1545359,29237.0,3.9,3.8,0.341,7.3,50-65
1787,Myanmar,2008,Developing,59.2,296.0,59,0.3,9.53048032,85.0,333,18.3,96,85.0,1.87,85.0,0.6,643.951373,49479752.0,13.2,13.4,0.493,8.2,50-65
1781,Myanmar,2014,Developing,66.4,21.0,40,0.01,45.33788677,88.0,122,22.9,52,88.0,2.28,88.0,0.3,1262.893782,51924182.0,12.9,13.1,0.547,9.1,65-80
1790,Myanmar,2005,Developing,63.9,224.0,64,0.28,2.793843188,62.0,314,16.4,87,86.0,1.83,73.0,0.5,247.24276,48482614.0,13.2,13.6,0.465,7.9,50-65
1800,Namibia,2011,Developing,64.3,268.0,3,7.84,7.896234931,82.0,79,32.5,4,85.0,8.78,82.0,4.7,56.971392,2215621.0,9.9,9.9,0.612,11.5,50-65
1801,Namibia,2010,Developing,63.0,299.0,3,7.58,719.5535161,83.0,3138,31.8,4,83.0,7.89,83.0,6.2,5191.58381,217317.0,1.4,1.4,0.604,11.4,50-65
1797,Namibia,2014,Developing,65.9,242.0,2,0.01,751.3982719,88.0,477,34.9,3,88.0,8.93,88.0,2.2,5421.343953,237992.0,8.6,8.5,0.632,11.7,65-80
1816,Nepal,2012,Developing,68.9,167.0,20,0.26,80.58788376,9.0,3362,17.4,25,9.0,5.89,9.0,0.2,681.7925868,27649925.0,16.3,16.7,0.538,12.3,65-80
1822,Nepal,2006,Developing,66.0,21.0,31,0.2,45.87989927,69.0,2838,14.4,41,91.0,5.7,89.0,0.2,348.6314534,2594618.0,17.4,18.0,0.476,9.6,65-80
1819,Nepal,2009,Developing,67.5,183.0,25,0.22,6.19357029,89.0,189,15.9,32,93.0,6.41,89.0,0.2,48.7299,2674113.0,16.9,17.4,0.502,10.5,65-80
1872,Nicaragua,2004,Developing,71.0,194.0,4,3.81,36.81621175,79.0,0,45.7,4,8.0,6.13,79.0,0.3,191.55157,53973.0,2.1,2.0,0.587,11.0,65-80
1867,Nicaragua,2009,Developing,73.2,163.0,3,3.36,292.753101,98.0,0,49.4,3,99.0,6.82,98.0,0.2,1464.497754,5666581.0,1.9,1.8,0.613,11.3,65-80
1875,Nicaragua,2001,Developing,73.0,193.0,4,3.51,22.35595448,87.0,0,43.5,5,89.0,5.26,87.0,0.4,143.6758,5175.0,2.2,2.1,0.57,10.4,65-80
1881,Niger,2011,Developing,59.4,241.0,50,0.15,32.22493445,75.0,771,17.7,93,4.0,6.66,75.0,0.7,375.5819866,1764636.0,1.5,1.3,0.323,4.8,50-65
1879,Niger,2013,Developing,69.0,227.0,49,0.01,31.50243237,67.0,1224,18.5,89,56.0,5.9,67.0,0.6,416.14838,18426372.0,1.0,9.9,0.341,5.3,65-80
1882,Niger,2010,Developing,58.2,252.0,50,0.12,5.883760536,7.0,372,17.3,95,75.0,6.36,7.0,0.9,348.151511,16425578.0,1.7,1.6,0.312,4.5,50-65
1900,Nigeria,2008,Developing,59.0,386.0,536,9.3,105.5910629,41.0,9960,21.0,848,6.0,4.0,53.0,5.0,1383.893354,1534739.0,12.0,11.9,0.481,9.2,50-65
1896,Nigeria,2012,Developing,52.7,374.0,505,8.54,204.7186256,42.0,6447,23.5,788,42.0,3.3,42.0,4.4,2755.297787,167297284.0,1.7,1.6,0.507,9.7,50-65
1902,Nigeria,2006,Developing,49.8,396.0,549,9.66,10.35779424,27.0,704,19.9,879,46.0,3.66,4.0,5.3,119.743286,14261494.0,12.6,12.6,0.466,9.0,35-50
1946,Pakistan,2011,Developing,65.5,167.0,371,0.04,57.87736282,74.0,4386,22.5,459,75.0,3.1,74.0,0.1,1226.215314,174184265.0,2.0,2.4,0.525,7.5,65-80
1948,Pakistan,2009,Developing,64.8,175.0,371,0.03,0.697215581,78.0,863,21.3,460,7.0,2.94,71.0,0.1,16.63999,1674958.0,2.5,2.9,0.514,7.3,50-65
1945,Pakistan,2012,Developing,65.7,165.0,369,0.04,59.65900139,72.0,8046,23.2,456,72.0,2.76,72.0,0.1,1261.28967,177911533.0,19.8,2.2,0.529,7.6,65-80
1972,Panama,2002,Developing,75.7,125.0,1,5.52,78.80940216,98.0,0,47.8,2,99.0,8.3,99.0,0.2,4126.14671,3149265.0,2.3,2.2,0.725,12.6,65-80
1968,Panama,2006,Developing,76.2,125.0,1,5.72,631.1251711,88.0,0,51.1,2,98.0,7.0,88.0,0.1,5348.518399,339195.0,2.1,2.0,0.744,12.9,65-80
1961,Panama,2013,Developing,77.5,118.0,1,6.89,1694.467075,8.0,0,56.3,1,81.0,8.9,8.0,0.1,11685.97983,3838462.0,1.9,1.9,0.773,12.9,65-80
1986,Papua New Guinea,2004,Developing,59.9,314.0,11,0.58,158.001946,6.0,1385,4.4,15,59.0,8.39,62.0,1.5,637.3616215,6161517.0,1.5,1.4,0.439,7.6,50-65
1985,Papua New Guinea,2005,Developing,64.0,37.0,11,0.84,12.05551997,63.0,1222,41.1,15,61.0,6.42,72.0,1.5,77.5773486,631479.0,1.4,1.4,0.446,7.9,50-65
1984,Papua New Guinea,2006,Developing,68.0,299.0,11,0.64,126.6142137,71.0,1,41.9,14,67.0,5.92,72.0,1.5,854.346921,647272.0,1.4,1.4,0.454,8.2,65-80
1992,Paraguay,2014,Developing,73.9,147.0,3,0.01,561.7684701,87.0,0,49.4,3,83.0,9.81,87.0,0.2,4712.822736,6552584.0,2.0,1.9,0.688,12.3,65-80
1999,Paraguay,2007,Developing,72.5,159.0,3,5.61,318.6201852,86.0,0,44.2,4,95.0,6.41,95.0,0.1,2312.192926,5966159.0,2.2,2.1,0.649,12.0,65-80
1994,Paraguay,2012,Developing,73.6,148.0,3,5.36,441.8446244,87.0,0,47.9,3,83.0,1.33,87.0,0.1,3855.537735,6379219.0,2.0,2.0,0.679,12.3,65-80
2011,Peru,2011,Developing,74.5,133.0,9,4.83,759.5380695,91.0,0,52.9,12,91.0,4.93,91.0,0.2,5771.565878,29759989.0,1.1,1.1,0.721,13.4,65-80
2014,Peru,2008,Developing,73.9,138.0,11,4.85,58.4989742,93.0,1,5.8,14,93.0,4.73,93.0,0.3,428.87811,2864198.0,1.2,1.2,0.7,13.2,65-80
2009,Peru,2013,Developing,75.3,125.0,8,5.38,946.6521165,88.0,0,54.2,11,71.0,5.23,88.0,0.1,6583.116248,3565716.0,1.1,1.1,0.731,13.4,65-80
2027,Philippines,2011,Developing,68.0,218.0,57,4.96,191.4949779,87.0,6538,23.1,72,87.0,4.29,87.0,0.1,2352.518156,9527794.0,1.0,9.7,0.669,11.5,65-80
2025,Philippines,2013,Developing,68.1,219.0,55,4.61,24.58973399,89.0,2920,24.3,69,84.0,4.56,89.0,0.1,276.289146,9848132.0,1.0,9.7,0.671,11.7,65-80
2037,Philippines,2001,Developing,66.8,221.0,68,4.54,69.0204245,45.0,7360,18.3,89,76.0,3.0,79.0,0.1,957.287441,79665315.0,1.0,9.7,0.622,11.4,65-80
2047,Poland,2007,Developed,75.3,144.0,2,10.9,14.3042452,98.0,40,56.6,3,99.0,6.28,99.0,0.1,1126.31852,381256.0,2.2,2.4,0.808,15.0,65-80
2053,Poland,2001,Developed,74.2,149.0,3,7.74,466.7383106,95.0,133,53.6,3,98.0,5.86,98.0,0.1,4981.198619,3824876.0,2.5,2.7,0.784,14.7,65-80
2049,Poland,2005,Developed,75.0,144.0,2,9.5,79.41502672,98.0,13,55.5,3,99.0,6.2,99.0,0.1,821.251569,38165445.0,2.3,2.5,0.797,14.8,65-80
2066,Portugal,2004,Developed,78.0,99.0,0,13.45,276.0999798,94.0,5,53.3,1,95.0,9.84,95.0,0.1,1845.5881,1483861.0,0.7,0.6,0.792,15.9,65-80
2064,Portugal,2006,Developed,78.5,96.0,0,13.11,2884.020194,97.0,0,54.9,0,97.0,9.67,97.0,0.1,19821.44463,1522288.0,0.7,0.5,0.793,15.4,65-80
2060,Portugal,2010,Developed,79.6,88.0,0,12.25,3119.349824,97.0,5,58.1,0,97.0,1.44,98.0,0.1,22538.6548,15731.0,0.7,0.5,0.812,16.0,65-80
2129,Romania,2005,Developed,71.9,162.0,3,7.68,615.4030781,98.0,5043,53.9,4,97.0,5.47,97.0,0.1,4676.315183,21319685.0,3.3,3.8,0.745,13.4,65-80
2131,Romania,2003,Developed,71.1,174.0,4,8.78,375.1740323,98.0,9,52.9,4,97.0,5.3,97.0,0.1,2774.95586,21574326.0,3.5,4.0,0.722,12.5,65-80
2127,Romania,2007,Developed,72.9,154.0,3,10.6,919.1673438,99.0,353,55.0,3,96.0,5.21,96.0,0.1,8214.185378,2882982.0,3.2,3.6,0.766,14.1,65-80
2143,Russian Federation,2007,Developing,67.3,282.0,16,12.19,11.02617159,98.0,173,56.1,19,98.0,5.38,98.0,0.3,911.25385,1428588.0,2.4,2.6,0.761,13.8,65-80
2144,Russian Federation,2006,Developing,66.4,3.0,17,11.79,12.25184084,98.0,1147,55.7,20,98.0,5.3,98.0,0.3,692.194398,14349528.0,2.4,2.7,0.754,13.8,65-80
2140,Russian Federation,2010,Developing,68.4,256.0,15,11.05,162.8088054,97.0,129,57.5,17,98.0,6.83,97.0,0.2,1674.98771,142849449.0,2.3,2.5,0.773,13.7,65-80
2164,Rwanda,2002,Developing,57.0,415.0,31,7.82,1.9659778,88.0,2738,14.1,50,85.0,4.18,88.0,8.0,196.59778,853625.0,7.2,7.4,0.343,7.2,50-65
2156,Rwanda,2010,Developing,62.8,26.0,16,7.92,63.78723633,97.0,121,18.3,23,93.0,7.91,97.0,2.3,563.491487,1246842.0,6.5,6.3,0.454,10.0,50-65
2155,Rwanda,2011,Developing,63.8,247.0,14,8.34,9.074569426,97.0,31,18.9,20,93.0,7.71,97.0,1.3,617.317648,151671.0,6.3,6.2,0.464,10.2,50-65
2212,Samoa,2003,Developing,79.0,169.0,0,4.17,24.99717134,83.0,0,68.2,0,82.0,4.71,83.0,0.1,197.29417,177662.0,0.2,0.2,0.659,12.3,65-80
2208,Samoa,2007,Developing,72.2,149.0,0,3.85,47.73638191,46.0,0,7.9,0,49.0,5.25,53.0,0.1,322.543121,182286.0,0.2,0.2,0.682,12.9,65-80
2209,Samoa,2006,Developing,72.0,153.0,0,3.52,40.22855669,35.0,0,7.3,0,37.0,4.68,39.0,0.1,287.963899,18194.0,0.2,0.2,0.677,12.7,65-80
2218,Sao Tome and Principe,2014,Developing,67.3,191.0,0,0.01,225.7307751,95.0,0,3.1,0,95.0,8.35,95.0,0.2,1821.878734,191266.0,5.6,5.4,0.562,11.1,65-80
2223,Sao Tome and Principe,2009,Developing,65.8,21.0,0,4.13,11.13608747,98.0,0,26.2,0,99.0,6.65,98.0,0.9,199.57146,17813.0,6.3,6.2,0.533,10.1,65-80
2229,Sao Tome and Principe,2003,Developing,63.4,225.0,0,6.54,86.42744056,43.0,0,22.2,0,94.0,11.12,94.0,1.6,649.342153,148372.0,7.4,7.4,0.504,9.7,50-65
2250,Senegal,2014,Developing,66.4,192.0,19,0.26,12.80528533,89.0,32,23.8,27,85.0,4.66,89.0,0.3,152.443873,14546111.0,9.7,9.5,0.483,9.1,65-80
2252,Senegal,2012,Developing,65.6,2.0,20,0.28,10.20659464,91.0,46,22.7,29,83.0,4.31,91.0,0.4,136.4518,1373513.0,1.0,9.9,0.463,8.3,65-80
2256,Senegal,2008,Developing,62.8,225.0,22,0.28,1.08833088,88.0,6,2.8,34,87.0,4.94,88.0,0.6,11.33678,1223957.0,1.8,1.7,0.435,7.1,50-65
2266,Serbia,2014,Developing,75.4,123.0,1,9.09,8.617208431,92.0,37,59.4,1,93.0,1.37,93.0,0.1,62.173221,713576.0,2.1,2.1,0.771,14.3,65-80
2275,Serbia,2005,Developing,73.0,135.0,1,9.6,503.1115947,65.0,2,53.9,1,98.0,8.7,98.0,0.1,3528.1318,744769.0,2.5,2.6,0.73,13.2,65-80
2271,Serbia,2009,Developing,74.1,131.0,1,9.85,820.8109098,93.0,1,56.4,1,97.0,9.9,95.0,0.1,5821.35397,73287.0,2.3,2.3,0.754,13.6,65-80
2296,Seychelles,2000,Developing,71.8,188.0,0,8.24,601.7608115,98.0,0,27.1,0,98.0,4.62,98.0,0.1,7578.85153,81131.0,6.3,6.7,0.0,12.3,65-80
2289,Seychelles,2007,Developing,72.2,185.0,0,8.12,916.4741775,99.0,1,31.2,0,99.0,3.3,99.0,0.1,12154.82994,8533.0,5.9,6.3,0.733,13.1,65-80
2283,Seychelles,2013,Developing,72.9,172.0,0,0.01,1521.672751,99.0,0,35.5,0,98.0,3.58,98.0,0.1,15687.34795,89949.0,5.7,6.1,0.762,13.5,65-80
2300,Sierra Leone,2012,Developing,49.7,411.0,25,0.01,54.56033696,91.0,678,22.7,35,91.0,11.24,91.0,0.9,561.8984239,676613.0,7.9,7.8,0.401,9.1,35-50
2298,Sierra Leone,2014,Developing,48.1,463.0,23,0.01,1.443286353,83.0,1006,23.8,32,83.0,11.9,83.0,0.6,78.4394757,779162.0,7.5,7.4,0.426,9.5,35-50
2304,Sierra Leone,2008,Developing,46.2,441.0,29,3.91,5.379606465,77.0,44,2.7,44,75.0,1.29,77.0,1.9,46.3759178,6165372.0,8.7,8.7,0.367,8.3,35-50
2376,Solomon Islands,2000,Developing,65.8,235.0,0,0.71,4.24926073,81.0,0,37.9,0,88.0,4.56,86.0,0.1,154.518572,41269.0,1.4,1.4,0.455,7.2,65-80
2364,Solomon Islands,2012,Developing,68.7,184.0,0,0.01,247.9492284,99.0,0,48.1,0,99.0,5.48,99.0,0.1,1858.689868,551531.0,1.2,1.2,0.505,9.4,65-80
2366,Solomon Islands,2010,Developing,68.3,188.0,0,1.1,29.5207994,9.0,0,46.4,0,94.0,7.47,9.0,0.1,1272.44825,52779.0,1.2,1.2,0.492,9.3,65-80
2400,South Africa,2008,Developing,55.3,473.0,50,8.19,780.0336423,76.0,39,45.7,75,77.0,7.75,79.0,23.5,5786.59972,49557573.3,8.9,1.7,0.616,12.9,50-65
2396,South Africa,2012,Developing,59.2,48.0,43,7.38,1089.954838,68.0,32,48.7,56,65.0,8.79,65.0,7.6,7548.163698,5256515.8,6.0,7.3,0.644,12.8,50-65
2408,South Africa,2000,Developing,57.3,397.0,51,7.3,45.96380839,73.0,1459,4.1,73,71.0,8.7,73.0,21.3,337.2253,44896856.0,16.3,19.1,0.635,13.0,50-65
2440,Spain,2000,Developed,79.1,86.0,2,11.12,1934.398154,77.0,152,57.6,2,95.0,7.21,95.0,0.1,14676.769,4567864.0,0.6,0.5,0.82,15.7,65-80
2435,Spain,2005,Developed,81.0,77.0,2,11.92,405.4475981,96.0,22,6.5,2,96.0,8.12,96.0,0.1,2651.71745,43653155.0,0.6,0.5,0.837,15.8,80+
2430,Spain,2010,Developed,81.9,64.0,1,9.78,578.7417172,97.0,302,63.5,2,97.0,9.56,97.0,0.1,3736.228,46576897.0,0.6,0.5,0.86,16.4,80+
2447,Sri Lanka,2009,Developing,71.8,183.0,4,2.05,13.39092189,97.0,21,19.2,4,97.0,3.37,97.0,0.1,216.681584,19968.0,15.3,15.4,0.735,13.4,65-80
2450,Sri Lanka,2006,Developing,73.8,145.0,4,1.96,120.2471713,98.0,0,17.2,5,98.0,4.6,98.0,0.1,1448.7611,1952.0,15.4,15.5,0.718,13.1,65-80
2453,Sri Lanka,2003,Developing,73.9,146.0,5,1.69,72.4280894,32.0,65,15.6,5,98.0,3.95,99.0,0.1,989.4547732,1983.0,15.4,15.5,0.697,12.7,65-80
2476,Suriname,2012,Developing,71.3,178.0,0,5.73,1168.324095,84.0,0,56.3,0,84.0,6.9,84.0,0.9,9272.413453,53777.0,3.5,3.4,0.708,12.7,65-80
2483,Suriname,2005,Developing,68.9,25.0,0,4.47,418.9206608,83.0,0,51.1,0,84.0,6.78,83.0,0.6,3595.8855,498946.0,3.5,3.4,0.672,11.3,65-80
2474,Suriname,2014,Developing,71.4,178.0,0,6.32,1132.432517,85.0,0,57.7,0,85.0,5.69,85.0,0.4,9564.46383,547928.0,3.5,3.5,0.722,12.7,65-80
2490,Swaziland,2014,Developing,58.4,382.0,2,0.01,574.3895102,98.0,0,31.8,3,98.0,9.25,98.0,7.3,3464.35169,129597.0,4.3,4.3,0.541,11.4,50-65
2496,Swaziland,2008,Developing,51.4,477.0,3,4.87,413.0063027,9.0,1,28.9,4,89.0,8.19,88.0,40.2,2842.438422,1158897.0,6.1,6.3,0.514,10.6,50-65
2492,Swaziland,2012,Developing,56.5,412.0,2,0.01,720.2333929,95.0,0,3.7,3,92.0,8.76,95.0,12.2,3851.51547,1248158.0,4.8,4.9,0.534,11.3,50-65
2549,Syrian Arab Republic,2003,Developing,73.0,134.0,9,1.29,94.75639211,81.0,801,46.0,11,85.0,5.12,83.0,0.1,1253.39143,17415266.0,6.6,6.4,0.599,10.3,65-80
2545,Syrian Arab Republic,2007,Developing,73.8,121.0,8,0.83,17.98136184,83.0,403,49.4,9,83.0,3.72,8.0,0.1,258.3529,1963286.0,6.4,6.2,0.644,11.5,65-80
2551,Syrian Arab Republic,2001,Developing,72.7,135.0,10,1.29,93.50075111,8.0,290,44.6,11,83.0,4.92,82.0,0.1,1258.421953,16766899.0,6.7,6.5,0.589,10.1,65-80
2555,Tajikistan,2013,Developing,69.3,163.0,10,0.01,1.0419164,96.0,1,39.0,11,97.0,6.75,96.0,0.2,14.214412,817789.0,3.6,3.7,0.617,11.2,65-80
2563,Tajikistan,2005,Developing,65.5,194.0,10,0.37,19.83672308,81.0,0,33.5,12,79.0,5.89,84.0,0.3,337.359236,6854176.0,3.8,3.9,0.572,10.6,65-80
2558,Tajikistan,2010,Developing,67.3,171.0,10,0.32,43.34099958,93.0,0,36.6,12,95.0,6.4,93.0,0.2,738.3475227,764163.0,3.7,3.8,0.603,11.1,65-80
2583,Thailand,2001,Developing,71.2,194.0,17,5.92,176.0625201,95.0,7319,19.4,20,97.0,3.32,96.0,0.8,1893.145377,63543322.0,9.3,9.6,0.649,11.2,65-80
2572,Thailand,2012,Developing,74.3,154.0,9,6.56,801.0504655,98.0,5197,3.1,11,99.0,4.17,99.0,0.1,5859.915622,67843979.0,8.0,8.1,0.729,13.7,65-80
2573,Thailand,2011,Developing,74.1,155.0,10,6.07,748.4451054,98.0,3156,29.0,11,99.0,4.12,99.0,0.2,5491.159981,675313.0,8.1,8.2,0.72,13.3,65-80
2604,Timor-Leste,2012,Developing,67.4,159.0,2,0.01,30.17998548,83.0,16,16.2,2,83.0,1.1,83.0,0.1,1117.77724,115676.0,11.2,11.3,0.618,12.5,65-80
2607,Timor-Leste,2009,Developing,66.6,165.0,2,0.09,36.199487,72.0,10,15.1,3,78.0,1.2,72.0,0.1,757.3114436,19221.0,11.6,11.6,0.599,12.1,65-80
2602,Timor-Leste,2014,Developing,68.0,155.0,2,0.01,28.14578503,77.0,47,17.0,2,76.0,1.48,77.0,0.1,1153.51578,1212814.0,1.9,11.1,0.612,12.5,65-80
2623,Togo,2009,Developing,56.7,336.0,14,1.24,77.09551224,78.0,425,2.9,22,78.0,6.64,78.0,4.3,499.6468713,633472.0,7.5,7.4,0.442,10.6,50-65
2624,Togo,2008,Developing,56.2,344.0,14,1.33,69.35924758,24.0,187,2.4,22,8.0,5.73,81.0,4.8,513.391914,6161796.0,7.7,7.6,0.441,10.1,50-65
2621,Togo,2011,Developing,58.3,34.0,14,1.44,39.08258546,85.0,187,22.0,21,85.0,5.21,85.0,2.6,562.3393592,6679282.0,7.1,7.0,0.457,11.5,50-65
2645,Tonga,2003,Developing,72.0,153.0,0,1.79,45.85105771,85.0,0,67.8,0,91.0,5.9,9.0,0.1,229.714718,99789.0,0.1,0.1,0.683,13.7,65-80
2644,Tonga,2004,Developing,72.2,151.0,0,1.8,423.2953509,9.0,0,68.6,0,91.0,4.87,9.0,0.1,2284.37858,146.0,0.1,0.1,0.693,14.6,65-80
2643,Tonga,2005,Developing,72.3,15.0,0,1.57,689.9440223,89.0,0,69.4,0,9.0,6.52,89.0,0.1,2594.74999,1141.0,0.1,0.1,0.694,14.6,65-80
2653,Trinidad and Tobago,2011,Developing,76.0,176.0,0,6.5,144.9850711,9.0,0,43.0,0,91.0,5.6,9.0,0.4,1953.9767,1334788.0,5.9,6.2,0.774,12.6,65-80
2660,Trinidad and Tobago,2004,Developing,69.4,19.0,0,5.82,11.85100131,94.0,0,36.8,0,94.0,5.22,94.0,1.0,129.51914,129535.0,6.3,6.8,0.736,12.2,65-80
2657,Trinidad and Tobago,2007,Developing,69.7,187.0,0,6.37,136.8836683,89.0,0,39.3,0,9.0,4.82,88.0,0.7,1653.1844,13926.0,6.1,6.5,0.76,12.4,65-80
2678,Tunisia,2002,Developing,73.5,19.0,4,1.17,262.8184944,93.0,98,49.7,5,96.0,5.32,96.0,0.1,2346.5937,9864326.0,6.5,6.4,0.662,13.3,65-80
2668,Tunisia,2012,Developing,74.9,13.0,3,1.3,585.8776761,97.0,48,58.3,3,97.0,7.18,97.0,0.1,4137.55421,1886668.0,6.4,6.3,0.717,14.6,65-80
2674,Tunisia,2006,Developing,74.4,12.0,3,1.46,420.1153538,99.0,3,53.1,4,99.0,5.64,99.0,0.1,3371.71231,1196136.0,6.3,6.3,0.689,14.2,65-80
2688,Turkey,2008,Developing,73.5,121.0,25,1.39,22.67271848,92.0,0,6.2,29,96.0,6.7,96.0,0.1,185.68975,74432.0,5.0,4.8,0.705,12.5,65-80
2693,Turkey,2003,Developing,71.6,135.0,35,1.42,459.1113061,68.0,5844,55.9,43,69.0,5.34,68.0,0.1,4718.51291,668583.0,5.1,5.0,0.668,11.9,65-80
2683,Turkey,2013,Developing,75.2,19.0,17,1.41,188.1440348,97.0,7405,64.5,20,98.0,5.38,98.0,0.1,12542.93565,75787333.0,4.9,4.7,0.754,14.4,65-80
2704,Turkmenistan,2008,Developing,64.5,235.0,6,2.4,34.23979419,96.0,0,42.7,8,96.0,1.93,96.0,0.1,394.467675,4935762.0,3.2,3.3,0.0,10.5,50-65
2710,Turkmenistan,2002,Developing,63.3,229.0,7,2.33,130.3784829,96.0,11,38.7,8,99.0,3.34,98.0,0.1,967.917468,4612.0,3.5,3.5,0.0,10.2,50-65
2708,Turkmenistan,2004,Developing,63.5,238.0,6,2.86,186.1013972,96.0,1,4.0,8,98.0,4.3,97.0,0.1,1453.917166,473398.0,3.4,3.4,0.0,10.3,50-65
2725,Uganda,2004,Developing,51.3,485.0,104,9.89,36.60609252,62.0,141,14.2,164,58.0,8.9,62.0,8.9,288.236949,27568436.0,6.6,6.6,0.427,11.6,50-65
2717,Uganda,2012,Developing,60.0,339.0,73,0.01,92.88697859,78.0,2027,17.2,109,82.0,7.58,78.0,4.6,647.74741,3636796.0,5.8,5.8,0.477,10.0,50-65
2718,Uganda,2011,Developing,59.3,347.0,76,10.22,94.49686776,82.0,3312,16.7,114,82.0,9.9,82.0,6.8,584.3962137,3593648.0,5.9,5.9,0.477,10.7,50-65
2742,Ukraine,2003,Developing,67.6,256.0,6,5.92,21.22386354,77.0,411,55.7,6,99.0,6.93,97.0,0.9,148.522488,4781295.0,2.8,2.9,0.691,14.3,65-80
2741,Ukraine,2004,Developing,67.4,267.0,5,6.79,180.3537859,98.0,146,56.1,6,99.0,6.61,99.0,1.0,1367.352433,474516.0,2.7,2.8,0.7,14.6,65-80
2737,Ukraine,2008,Developing,67.7,273.0,5,9.46,456.4586664,84.0,48,57.6,6,91.0,6.63,9.0,0.4,3891.37823,462582.0,2.5,2.6,0.73,14.9,65-80
2812,Uruguay,2013,Developing,76.8,117.0,0,5.82,482.8039445,94.0,0,62.9,0,94.0,8.68,94.0,0.1,16881.2568,3485.0,1.5,1.4,0.788,15.5,65-80
2822,Uruguay,2003,Developing,75.4,121.0,1,5.11,160.8400141,91.0,0,57.0,1,91.0,6.52,91.0,0.1,3622.52284,3325637.0,1.7,1.6,0.747,15.0,65-80
2824,Uruguay,2001,Developing,75.2,123.0,1,6.48,421.4804282,94.0,0,55.7,1,94.0,7.46,94.0,0.1,6281.37747,332713.0,1.8,1.7,0.742,14.2,65-80
2838,Uzbekistan,2003,Developing,67.2,183.0,25,1.54,28.52135777,99.0,85,36.4,30,99.0,5.17,98.0,0.3,396.129969,2556765.0,3.3,3.3,0.607,11.3,65-80
2835,Uzbekistan,2006,Developing,67.6,185.0,23,1.96,77.27092119,98.0,823,38.1,27,94.0,5.49,96.0,0.4,654.2838373,2648825.0,3.2,3.2,0.626,11.8,65-80
2833,Uzbekistan,2008,Developing,67.9,184.0,22,2.36,13.89021225,91.0,2,39.3,25,98.0,5.92,98.0,0.3,182.28625,27328.0,3.1,3.1,0.644,11.9,65-80
2852,Vanuatu,2005,Developing,69.9,165.0,0,0.88,337.2942846,61.0,3,44.9,0,67.0,3.87,68.0,0.1,1886.433359,2937.0,1.6,1.5,0.0,10.6,65-80
2843,Vanuatu,2014,Developing,71.7,134.0,0,0.01,564.8167043,64.0,10,52.5,0,65.0,5.2,64.0,0.1,3148.36513,25885.0,1.5,1.4,0.596,10.8,65-80
2845,Vanuatu,2012,Developing,71.4,138.0,0,0.01,427.9885222,64.0,0,5.8,0,65.0,3.7,64.0,0.1,3158.58688,247485.0,1.5,1.4,0.592,10.8,65-80
2907,Zambia,2014,Developing,61.1,314.0,28,0.01,196.6675768,86.0,9,22.8,41,78.0,4.99,86.0,4.3,1738.8822,1562974.0,6.3,6.2,0.57,12.5,50-65
2912,Zambia,2009,Developing,57.4,368.0,30,2.3,143.8698873,94.0,26,2.2,47,93.0,4.73,94.0,9.1,1139.11233,13456417.0,6.7,6.6,0.518,11.6,50-65
2911,Zambia,2010,Developing,58.0,363.0,30,2.47,184.3649102,83.0,15754,2.7,45,8.0,4.41,83.0,6.8,1463.213573,138533.0,6.7,6.5,0.533,11.8,50-65
2929,Zimbabwe,2008,Developing,48.2,632.0,30,3.56,20.84342867,75.0,0,28.6,46,75.0,4.96,75.0,20.5,325.678573,13558469.0,7.8,7.8,0.421,9.7,35-50
2930,Zimbabwe,2007,Developing,46.6,67.0,29,3.88,29.81456607,72.0,242,28.2,46,73.0,4.47,73.0,23.7,396.9982166,1332999.0,8.2,8.2,0.414,9.6,35-50
2937,Zimbabwe,2000,Developing,46.0,665.0,24,1.68,0.0,79.0,1483,25.5,39,78.0,7.1,78.0,43.5,547.3588785,12222251.0,11.0,11.2,0.434,9.8,35-50
